{
    "version": 1,
    "excludeLodsFromVanillaDepth": true,
    "opaqueDrawBuffers": [1],
    "translucentDrawBuffers": [13, 16],
    "blending": { 
        -1: "off", 
        0: "ONE ONE_MINUS_SRC_ALPHA ONE ONE_MINUS_SRC_ALPHA" 
    }, 
    "uniforms": [
        "gbufferModelView",
        "gbufferModelViewInverse",
        "gbufferProjection",
        "gbufferProjectionInverse",
        "gbufferPreviousModelView",
        "gbufferPreviousProjection",
        "shadowModelView",
        "shadowModelViewInverse",
        "shadowProjection",
        "shadowProjectionInverse",
        "cameraPosition",
        "previousCameraPosition",
        "near",
        "far",
        "frameTimeCounter",
        "sunAngle",
        "rainStrength",
        "wetness",
        "worldTime",
        "moonPhase",
        "frameCounter",
        "isEyeInWater",
        "blindness",
        "nightVision",
        "darknessFactor",
        "eyeAltitude",
        "light_dir",
        "sun_dir",
        "moon_dir",
        "view_res",
        "view_pixel_size",
        "taa_offset",
        "eye_skylight",
        "biome_cave",
        "biome_may_rain",
        "biome_may_snow",
        "time_sunrise",
        "time_noon",
        "time_sunset",
        "time_midnight"
    ], 
    "samplers": [
        "noisetex",
        "colortex4", 
        "colortex5",
        "colortex7",
        "colortex8", 
        "depthtex0",
        "depthtex1"
    ], 
    "opaquePatchData":[" 
        #define WORLD_OVERWORLD
        #include "/program/voxy_solid.glsl"
    "],
    "translucentPatchData":[" 
        #define WORLD_OVERWORLD
        #include "/program/voxy_translucent.glsl"
    "],
    "taaOffset": "{ return taa_offset; }"
}
